{"cameraMode":{"drawMode":0,"name":"Shaded","section":"Shading Mode"},"sceneLighting":true,"audioPlay":false,"sceneViewState":{"showFog":false,"showMaterialUpdate":false,"showSkybox":false,"showFlares":false,"showImageEffects":false,"showParticleSystems":false},"in2DMode":false,"pivot":{"x":9.821589469909668,"y":1.8335490226745606,"z":-1.8365373611450196},"rotation":{"x":0.1159132644534111,"y":0.19532951712608338,"z":-0.023255636915564538,"w":0.9735860228538513},"size":53.35344696044922,"orthographic":false}