{"cameraMode":{"drawMode":0,"name":"Shaded","section":"Shading Mode"},"sceneLighting":true,"audioPlay":false,"sceneViewState":{"showFog":false,"showMaterialUpdate":false,"showSkybox":false,"showFlares":false,"showImageEffects":false,"showParticleSystems":false},"in2DMode":false,"pivot":{"x":-0.5227683186531067,"y":-0.7983527183532715,"z":-2.0016252994537355},"rotation":{"x":-0.02911883033812046,"y":0.9697864055633545,"z":-0.19305424392223359,"w":-0.14627520740032197},"size":5.313760757446289,"orthographic":false}