{"cameraMode":{"drawMode":0,"name":"Shaded","section":"Shading Mode"},"sceneLighting":false,"audioPlay":false,"sceneViewState":{"showFog":false,"showMaterialUpdate":false,"showSkybox":false,"showFlares":false,"showImageEffects":false,"showParticleSystems":false},"in2DMode":false,"pivot":{"x":-0.1382322907447815,"y":-2.34598970413208,"z":-2.819075107574463},"rotation":{"x":0.017870204523205758,"y":-0.9717773795127869,"z":0.2218105047941208,"w":0.07829136401414871},"size":6.474669456481934,"orthographic":false}