{"cameraMode":{"drawMode":0,"name":"Shaded","section":"Shading Mode"},"sceneLighting":false,"audioPlay":false,"sceneViewState":{"showFog":false,"showMaterialUpdate":false,"showSkybox":false,"showFlares":false,"showImageEffects":false,"showParticleSystems":false},"in2DMode":false,"pivot":{"x":1.683044672012329,"y":-1.625284194946289,"z":-2.778071880340576},"rotation":{"x":-0.06069101765751839,"y":-0.9377858638763428,"z":0.21257242560386659,"w":-0.2677449584007263},"size":4.092867851257324,"orthographic":false}