{"cameraMode":{"drawMode":0,"name":"Shaded","section":"Shading Mode"},"sceneLighting":true,"audioPlay":false,"sceneViewState":{"showFog":false,"showMaterialUpdate":false,"showSkybox":false,"showFlares":false,"showImageEffects":false,"showParticleSystems":false},"in2DMode":false,"pivot":{"x":0.222722128033638,"y":-0.13366922736167909,"z":-0.1719798445701599},"rotation":{"x":0.012907898984849453,"y":0.0035950937308371069,"z":-0.00004649138281820342,"w":0.9999102354049683},"size":1.804356575012207,"orthographic":false}